"Transaction Hash","Status","Type","Method ","Block","Date Time (UTC)","From","From_NameTag","To","To_NameTag","Amount","Value (USD) ","Asset","Txn Fee"
"0xaebe844666b428f6097c78fa98ee579e46290043f1f6965d49b06ecc197bb7db","Success","ERC-20","Remove Liquidity With Permit","11662710","2021-01-15 23:24:50","0xe088fb588d2c06b4cedce88d97c18e577e0e3dea","Uniswap V2: BAC-Mars","0x9daB0a43E326483279E678c55B084EA05f8d1a3E"," ","6,299.000771","$10.50","BAC(BAC)","0.00609673"
"0x36c0a9242e99496aa50f5f75832ac92196c72a8f82a868de70d466410d760908","Success","ERC-20","Withdraw","11662698","2021-01-15 23:21:59","0x4330E43F5b1e7D3Ea7B0a177Af50C6B2489ca406"," ","0xB075bA5DC253E39376AC044182BE13315e828AE2"," ","15,705.74767","$26.18","BAC(BAC)","0.0087589"
"0x36c0a9242e99496aa50f5f75832ac92196c72a8f82a868de70d466410d760908","Success","ERC-20","Withdraw","11662698","2021-01-15 23:21:59","0xB075bA5DC253E39376AC044182BE13315e828AE2"," ","0x371E78676cd8547ef969f89D2ee8fA689C50F86B"," ","15,705.74767","$26.18","BAC(BAC)","0.0087589"
"0x36c0a9242e99496aa50f5f75832ac92196c72a8f82a868de70d466410d760908","Success","ERC-20","Withdraw","11662698","2021-01-15 23:21:59","0x371E78676cd8547ef969f89D2ee8fA689C50F86B"," ","0xD3F3Aa782911040846c85eB623050FF91F6fb3E3"," ","27,298.43435","$45.50","BAC(BAC)","0.0087589"
"0x6f95d7fdb6fc7e10459024b526b90ebb45dd78dd0b45050a5f8cfa4576f4f403","Success","ERC-20","Batch Exec","11662677","2021-01-15 23:18:05","0xd4405f0704621dbe9d4dea60e128e0c3b26bddbd","Uniswap V2: BAC-DAI","0x17e8ca1b4798b97602895f63206afcd1fc90ca5f"," Furucombo: Proxy v1.0.0","47,569.054478","$79.29","BAC(BAC)","0.03145282"
"0x6f95d7fdb6fc7e10459024b526b90ebb45dd78dd0b45050a5f8cfa4576f4f403","Success","ERC-20","Batch Exec","11662677","2021-01-15 23:18:05","0x17e8ca1b4798b97602895f63206afcd1fc90ca5f","Furucombo: Proxy v1.0.0","0xd4405f0704621dbe9d4dea60e128e0c3b26bddbd"," Uniswap V2: BAC-DAI","47,472.328405","$79.13","BAC(BAC)","0.03145282"
"0x6f95d7fdb6fc7e10459024b526b90ebb45dd78dd0b45050a5f8cfa4576f4f403","Success","ERC-20","Batch Exec","11662677","2021-01-15 23:18:05","0x17e8ca1b4798b97602895f63206afcd1fc90ca5f","Furucombo: Proxy v1.0.0","0x55a3df57B7AAEC16a162fD5316f35bEC082821CF"," ","96.726072","$0.1612","BAC(BAC)","0.03145282"
"0xa45c6d782ff281cb58bfe644d1858cf3c81f9b115438b76bc46e373fa70bdb0d","Success","ERC-20","0x20aeb817","11662581","2021-01-15 22:59:41","0x1B5B04DBEd749E5De66E1b17EaDc0a12d104DCca"," ","0xf4b00c937b4ec4bb5ac051c3c719036c668a31ec"," Secret Network: Bridge","239,938","$399.93","BAC(BAC)","0.00241403"
"0x0a178f753d7bb66de4f7fc0994c2fd3b05fa9247839400118d917511c2700798","Success","ERC-20","Exit","11662549","2021-01-15 22:53:37","0x4330E43F5b1e7D3Ea7B0a177Af50C6B2489ca406"," ","0x0217C136365B8528DaF1c04548c5fa731D4EC6dF"," ","10,000.507","$16.67","BAC(BAC)","0.00970882"
"0x6a4f67dbdfbafe7f2dda51aa365b28c4f8bdc53ed9a8112d17e9a8409e416a7c","Success","ERC-20","Exchange_underlying","11662549","2021-01-15 22:53:37","0xd872b7d4889Ab1c7de5a17a7877cA641AD2c3F72"," ","0x86DEc049FC430D9eB7682a044CF105A570f226Db"," ","1,000","$1.67","BAC(BAC)","0.01076105"
"0xa304dc6e713b6da9c935a22b9a2b68bdc6304e7e7cd971c89eb3aadce9903b7e","Success","ERC-20","Add Liquidity","11662480","2021-01-15 22:38:04","0x9c1DA680B09A1b803F87478C359eaFcD5c895A65"," ","0xd4405f0704621dbe9d4dea60e128e0c3b26bddbd"," Uniswap V2: BAC-DAI","36,797.650951","$61.33","BAC(BAC)","0.00798721"
"0xb2840ced02bdedb005c4bfefbb0c0ae7fa37f6bb131ceffb23c67e05eb83ded4","Success","ERC-20","Withdraw","11662477","2021-01-15 22:37:12","0x371E78676cd8547ef969f89D2ee8fA689C50F86B"," ","0x9c1DA680B09A1b803F87478C359eaFcD5c895A65"," ","36,797.650951","$61.33","BAC(BAC)","0.004897"
"0x65a61b925d152fbe05aae8fddfcb1f569f955bd2eea31d513b7f20dae1381d1a","Success","ERC-20","Deposit All","11662456","2021-01-15 22:31:32","0x3498c228B3aC354e11a41d3DaFD5d909786C4E5D"," ","0xf8ce90c2710713552fb564869694b2505bfc0846"," Harvest.Finance: Deposit Helper","48,390.337632","$80.66","BAC(BAC)","0.00605952"
"0x65a61b925d152fbe05aae8fddfcb1f569f955bd2eea31d513b7f20dae1381d1a","Success","ERC-20","Deposit All","11662456","2021-01-15 22:31:32","0xf8ce90c2710713552fb564869694b2505bfc0846","Harvest.Finance: Deposit Helper","0x371E78676cd8547ef969f89D2ee8fA689C50F86B"," ","48,390.337632","$80.66","BAC(BAC)","0.00605952"
"0x7ed328b4fb4f36499aaf7abdeb84c8102b50a9d9801aa0faa858a05f006b233e","Success","ERC-20","Swap Exact Tokens For ETH","11662453","2021-01-15 22:30:59","0xa994D0F88c51005d84a02F7740B912a6d1f1e0f1"," ","0xd4405f0704621dbe9d4dea60e128e0c3b26bddbd"," Uniswap V2: BAC-DAI","29.200204","$0.0487","BAC(BAC)","0.0069828"
"0x9d3158c1ee646d6550551289379fbc53626282387b74dde73e90a3cacaacda37","Success","ERC-20","Zap In","11662442","2021-01-15 22:28:32","0xc4B86bd3d432bd0B55dcD0e4bD3Db91e05dE2c26"," ","0xd3cf4e98e1e432b3d6ae42ae406a78f2ac8293d0"," Zapper: Uniswap V2 Zap In v3.0.1","5,637.5259","$9.40","BAC(BAC)","0.01359378"
"0x9d3158c1ee646d6550551289379fbc53626282387b74dde73e90a3cacaacda37","Success","ERC-20","Zap In","11662442","2021-01-15 22:28:32","0xd3cf4e98e1e432b3d6ae42ae406a78f2ac8293d0","Zapper: Uniswap V2 Zap In v3.0.1","0xd4405f0704621dbe9d4dea60e128e0c3b26bddbd"," Uniswap V2: BAC-DAI","2,822.912422","$4.71","BAC(BAC)","0.01359378"
"0x9d3158c1ee646d6550551289379fbc53626282387b74dde73e90a3cacaacda37","Success","ERC-20","Zap In","11662442","2021-01-15 22:28:32","0xd3cf4e98e1e432b3d6ae42ae406a78f2ac8293d0","Zapper: Uniswap V2 Zap In v3.0.1","0xd4405f0704621dbe9d4dea60e128e0c3b26bddbd"," Uniswap V2: BAC-DAI","2,814.613477","$4.69","BAC(BAC)","0.01359378"
"0x9d3158c1ee646d6550551289379fbc53626282387b74dde73e90a3cacaacda37","Success","ERC-20","Zap In","11662442","2021-01-15 22:28:32","0xd3cf4e98e1e432b3d6ae42ae406a78f2ac8293d0","Zapper: Uniswap V2 Zap In v3.0.1","0xc4B86bd3d432bd0B55dcD0e4bD3Db91e05dE2c26"," ","0","$0.00","BAC(BAC)","0.01359378"
"0xe7f5f3cab70a2d111faa5ccf8f1a4ba6414bb5a276c91016a64b0534958e4745","Success","ERC-20","Do Hard Work","11662429","2021-01-15 22:24:24","0xd4405f0704621dbe9d4dea60e128e0c3b26bddbd","Uniswap V2: BAC-DAI","0xB075bA5DC253E39376AC044182BE13315e828AE2"," ","56.717384","$0.0945","BAC(BAC)","0.05156507"
"0xe7f5f3cab70a2d111faa5ccf8f1a4ba6414bb5a276c91016a64b0534958e4745","Success","ERC-20","Do Hard Work","11662429","2021-01-15 22:24:24","0xB075bA5DC253E39376AC044182BE13315e828AE2"," ","0x4330E43F5b1e7D3Ea7B0a177Af50C6B2489ca406"," ","56.717384","$0.0945","BAC(BAC)","0.05156507"
"0xb84cfda9d005952e904fd273ad9613097173b4073b5cf7b5645a5b7c86f1fe48","Success","ERC-20","Stake","11662426","2021-01-15 22:24:14","0x6E36158bFf26e93F1430D005C9B5047E0Dd80276"," ","0x4330E43F5b1e7D3Ea7B0a177Af50C6B2489ca406"," ","111.659","$0.1861","BAC(BAC)","0.00525049"
"0xed7f80c7cdf26deb944e40df9abb23918377e47935ffac6ea42a2b5289125193","Success","ERC-20","Swap Exact Tokens For ETH","11662421","2021-01-15 22:22:47","0xF54F75716f8aCe53A2aD0EF021E3182036DfF8e1"," ","0xd4405f0704621dbe9d4dea60e128e0c3b26bddbd"," Uniswap V2: BAC-DAI","69,210.985983","$115.36","BAC(BAC)","0.00617933"
"0xee70617d632b79c63968220f3700a4df98b783d7e4642d43056b8763b668c4b9","Success","ERC-20","Swap Exact Tokens For Tokens","11662421","2021-01-15 22:22:47","0x51a506374B4C1b4Ff0341b6982dfB7cb0aA04daE"," ","0x11226a039572791de8df7b9e82224b6734afdead"," Uniswap V2: BAC 3","87.335113","$0.1456","BAC(BAC)","0.00762407"
"0xd881ea1b46837c8faeed789fd3993e3f6f83d1ea1476345bfd9ae069354dedc8","Success","ERC-20","Add Liquidity","11662403","2021-01-15 22:20:36","0x5437c60b500476a9e3cfa8175f4f656140875413","braunstein.eth","0xd4405f0704621dbe9d4dea60e128e0c3b26bddbd"," Uniswap V2: BAC-DAI","1,309.386353","$2.18","BAC(BAC)","0.00589293"
"0xd3a0c2a4fffd92f52f378419b52c1f61abac88e38706ebccdb91b129c58454ed","Success","ERC-20","Claim Reward","11662403","2021-01-15 22:20:36","0x4b182469337d46e6603ed7e26ba60c56930a342c","Basis Cash: Boardroom","0x51a506374B4C1b4Ff0341b6982dfB7cb0aA04daE"," ","87.335113","$0.1456","BAC(BAC)","0.00220205"
"0x8c3007a0db7e97e26ebd1f2d7c4c1b2dbbc7c74619d2849b8f224bd685242a06","Success","ERC-20","Add Liquidity","11662398","2021-01-15 22:20:10","0x7C1BBfaDA0e2353eEB6820C64731797F63A8e571"," ","0xd4405f0704621dbe9d4dea60e128e0c3b26bddbd"," Uniswap V2: BAC-DAI","11,894.549532","$19.83","BAC(BAC)","0.00862956"
"0x6429c53adec97b96a434d5e77fc51fb84f1724ecefa1b5ed5196561fe684b613","Success","ERC-20","Swap","11662388","2021-01-15 22:18:05","0xe088fb588d2c06b4cedce88d97c18e577e0e3dea","Uniswap V2: BAC-Mars","0xe069cb01d06ba617bcdf789bf2ff0d5e5ca20c71"," 1inch: Router 2","20,731.030567","$34.55","BAC(BAC)","0.02982413"
"0x6429c53adec97b96a434d5e77fc51fb84f1724ecefa1b5ed5196561fe684b613","Success","ERC-20","Swap","11662388","2021-01-15 22:18:05","0xd4405f0704621dbe9d4dea60e128e0c3b26bddbd","Uniswap V2: BAC-DAI","0xe069cb01d06ba617bcdf789bf2ff0d5e5ca20c71"," 1inch: Router 2","48,479.630665","$80.81","BAC(BAC)","0.02982413"
"0x6429c53adec97b96a434d5e77fc51fb84f1724ecefa1b5ed5196561fe684b613","Success","ERC-20","Swap","11662388","2021-01-15 22:18:05","0xe069cb01d06ba617bcdf789bf2ff0d5e5ca20c71","1inch: Router 2","0xF54F75716f8aCe53A2aD0EF021E3182036DfF8e1"," ","69,210.661232","$115.36","BAC(BAC)","0.02982413"
"0x2f857fbd7ada1694630bad9f027aaf9360263a21099f9bf2a5c2cd73b3c277f9","Success","ERC-20","Swap ETH For Exact Tokens","11662382","2021-01-15 22:17:03","0xd4405f0704621dbe9d4dea60e128e0c3b26bddbd","Uniswap V2: BAC-DAI","0x5437c60b500476a9e3cfa8175f4f656140875413","braunstein.eth","1,315","$2.19","BAC(BAC)","0.01302346"
"0x2b259c5e376654ceff39d8619b3f0cc567d2739501c90afd0a3a2b9642eef376","Success","ERC-20","Stake","11662354","2021-01-15 22:11:03","0xDBe4033d88dE63961720fC604c8aa8452eb34308"," ","0x4330E43F5b1e7D3Ea7B0a177Af50C6B2489ca406"," ","125,162.135","$208.62","BAC(BAC)","0.00640154"
"0x4fe3744029606b0949d4445a8aa77e887e55729adce95d3cee0199877346baef","Success","ERC-20","Swap Exact Tokens For Tokens","11662349","2021-01-15 22:09:21","0xd4405f0704621dbe9d4dea60e128e0c3b26bddbd","Uniswap V2: BAC-DAI","0xDBe4033d88dE63961720fC604c8aa8452eb34308"," ","125,162.135001","$208.62","BAC(BAC)","0.00777075"
"0xcb7c71565dfdaf8a2f973c2a411b5f426c3d9a7d5839a65befaa40ef232b65c1","Success","ERC-20","Deposit","11662345","2021-01-15 22:08:48","0xbA9366Ce37aa833eaB8f12d599977A16e470E34E"," ","0x939D73E26138f4B483368F96d17D2B4dCc5bc84f"," ","2,156.587911","$3.59","BAC(BAC)","0.00993101"
"0xcb7c71565dfdaf8a2f973c2a411b5f426c3d9a7d5839a65befaa40ef232b65c1","Success","ERC-20","Deposit","11662345","2021-01-15 22:08:48","0x939D73E26138f4B483368F96d17D2B4dCc5bc84f"," ","0xdA810f3dC383072CaE90b4420bbB0a044C812C20"," ","2,156.587911","$3.59","BAC(BAC)","0.00993101"
"0x08cee2a40746df13157b036c27109c555ff7d4139ea4f16264ce116dc8d050d2","Success","ERC-20","Swap Exact Tokens For Tokens","11662342","2021-01-15 22:08:03","0xd4405f0704621dbe9d4dea60e128e0c3b26bddbd","Uniswap V2: BAC-DAI","0xbA9366Ce37aa833eaB8f12d599977A16e470E34E"," ","2,156.587911","$3.59","BAC(BAC)","0.01668895"
"0xa304f5dbae1ac9559f4de8893f37dc5ea26e28f79d2c862d87ee814c4effa570","Success","ERC-20","Swap Exact Tokens For Tokens","11662342","2021-01-15 22:08:03","0xC1F11ee1F5fb4Ae961a1388d40854364Ec6AEE3d"," ","0xd4405f0704621dbe9d4dea60e128e0c3b26bddbd"," Uniswap V2: BAC-DAI","5,240.826232","$8.74","BAC(BAC)","0.00728233"
"0x72a99f9a236eb5d1d49b1f1893c04f49e09c663429b8539ae8ee1d5dcf9e7936","Success","ERC-20","Swap Exact Tokens For Tokens","11662338","2021-01-15 22:06:47","0xd4405f0704621dbe9d4dea60e128e0c3b26bddbd","Uniswap V2: BAC-DAI","0x7C1BBfaDA0e2353eEB6820C64731797F63A8e571"," ","11,930.043974","$19.89","BAC(BAC)","0.01271536"
"0x3fb1febe639a951a1ceeec7eb7afcbd058767215cfd181a21d749bc71427ce37","Success","ERC-20","Swap Exact Tokens For Tokens","11662332","2021-01-15 22:06:12","0xd4405f0704621dbe9d4dea60e128e0c3b26bddbd","Uniswap V2: BAC-DAI","0xd872b7d4889Ab1c7de5a17a7877cA641AD2c3F72"," ","2,990.574821","$4.98","BAC(BAC)","0.0057277"
"0x612291a372810a1e9cd97f06d2e92de587b00030d8ad8729f6055df7ad8acf96","Success","ERC-20","Swap Exact Tokens For Tokens","11662318","2021-01-15 22:02:14","0xd4405f0704621dbe9d4dea60e128e0c3b26bddbd","Uniswap V2: BAC-DAI","0xBa315a3c361a8b256A7c671A8685b72EAf93f747"," ","47,777.075192","$79.64","BAC(BAC)","0.01633962"
"0xe68276afefbba53d5f9343de632d156c5f98d36ab54dd40bbd51bfa923d56548","Success","ERC-20","Add Liquidity","11662312","2021-01-15 22:01:14","0x7269CaD927f2D98aBfD06b0Eb1dA318525c6C304"," ","0xe088fb588d2c06b4cedce88d97c18e577e0e3dea"," Uniswap V2: BAC-Mars","908.628704","$1.51","BAC(BAC)","0.00662447"
"0xfc9c29d4bf447ca10f2ddf6ff7678bfb52b6a4b0ad0422bafe1cae5828047095","Success","ERC-20","Swap Exact Tokens For Tokens","11662308","2021-01-15 22:00:03","0xd4405f0704621dbe9d4dea60e128e0c3b26bddbd","Uniswap V2: BAC-DAI","0x3498c228B3aC354e11a41d3DaFD5d909786C4E5D"," ","48,390.337632","$80.66","BAC(BAC)","0.00645639"
"0xeb84b5f5a4c61896c98f6e6b6a700309285958d09ef2f2a291145126653fbc35","Success","ERC-20","Swap Exact Tokens For Tokens","11662303","2021-01-15 21:59:10","0xd4405f0704621dbe9d4dea60e128e0c3b26bddbd","Uniswap V2: BAC-DAI","0xBa315a3c361a8b256A7c671A8685b72EAf93f747"," ","43,242.045001","$72.08","BAC(BAC)","0.0183256"
"0x3d9c036c433cfb7a2dd3d3b5070cb057cb9bd871c11b528a7ee527df72af1bca","Success","ERC-20","Discounted Swap","11662302","2021-01-15 21:59:01","0xe088fb588d2c06b4cedce88d97c18e577e0e3dea","Uniswap V2: BAC-Mars","0xe069cb01d06ba617bcdf789bf2ff0d5e5ca20c71"," 1inch: Router 2","909.038372","$1.52","BAC(BAC)","0.00556996"
"0x3d9c036c433cfb7a2dd3d3b5070cb057cb9bd871c11b528a7ee527df72af1bca","Success","ERC-20","Discounted Swap","11662302","2021-01-15 21:59:01","0xe069cb01d06ba617bcdf789bf2ff0d5e5ca20c71","1inch: Router 2","0x7269CaD927f2D98aBfD06b0Eb1dA318525c6C304"," ","909.038372","$1.52","BAC(BAC)","0.00556996"
"0x61e17a52af1ec3952fa4e6bb86eeb20bc7659137033e135827c73f2cbe40bd5c","Success","ERC-20","Withdraw","11662297","2021-01-15 21:58:13","0x4330E43F5b1e7D3Ea7B0a177Af50C6B2489ca406"," ","0xB075bA5DC253E39376AC044182BE13315e828AE2"," ","5,637.525995","$9.40","BAC(BAC)","0.00896328"
"0x61e17a52af1ec3952fa4e6bb86eeb20bc7659137033e135827c73f2cbe40bd5c","Success","ERC-20","Withdraw","11662297","2021-01-15 21:58:13","0xB075bA5DC253E39376AC044182BE13315e828AE2"," ","0x371E78676cd8547ef969f89D2ee8fA689C50F86B"," ","5,637.525995","$9.40","BAC(BAC)","0.00896328"
"0x61e17a52af1ec3952fa4e6bb86eeb20bc7659137033e135827c73f2cbe40bd5c","Success","ERC-20","Withdraw","11662297","2021-01-15 21:58:13","0x371E78676cd8547ef969f89D2ee8fA689C50F86B"," ","0xc4B86bd3d432bd0B55dcD0e4bD3Db91e05dE2c26"," ","5,637.525995","$9.40","BAC(BAC)","0.00896328"
"0xd7947ee3f469fe21f95cfbd2506fd16762b3347a4668fa88694e3395e5275057","Success","ERC-20","Harvest","11662296","2021-01-15 21:57:59","0xd4405f0704621dbe9d4dea60e128e0c3b26bddbd","Uniswap V2: BAC-DAI","0x7a09f0da45A959D498c6c581D3b88bED123a6949"," ","6,237.815375","$10.40","BAC(BAC)","0.02795865"
"0xd7947ee3f469fe21f95cfbd2506fd16762b3347a4668fa88694e3395e5275057","Success","ERC-20","Harvest","11662296","2021-01-15 21:57:59","0x7a09f0da45A959D498c6c581D3b88bED123a6949"," ","0xd4405f0704621dbe9d4dea60e128e0c3b26bddbd"," Uniswap V2: BAC-DAI","6,237.815375","$10.40","BAC(BAC)","0.02795865"
"0x68eb212e86885f1500ec7b63b74beb05b393ff19c3c40c666976cd596e295f7d","Success","ERC-20","Swap Exact Tokens For ETH","11662273","2021-01-15 21:53:18","0xAD61F3afF9632d6d6dE6c6cA8938BC65bB6Da190"," ","0xd4405f0704621dbe9d4dea60e128e0c3b26bddbd"," Uniswap V2: BAC-DAI","576.621339","$0.9611","BAC(BAC)","0.00991799"
"0xd214eb571603d346f7707965e37c041fc1ad2cf79f35a5749ba6a7f5866c5bee","Success","ERC-20","Withdraw","11662259","2021-01-15 21:50:25","0x4330E43F5b1e7D3Ea7B0a177Af50C6B2489ca406"," ","0xB075bA5DC253E39376AC044182BE13315e828AE2"," ","576.621339","$0.9611","BAC(BAC)","0.01208094"
"0xd214eb571603d346f7707965e37c041fc1ad2cf79f35a5749ba6a7f5866c5bee","Success","ERC-20","Withdraw","11662259","2021-01-15 21:50:25","0xB075bA5DC253E39376AC044182BE13315e828AE2"," ","0x371E78676cd8547ef969f89D2ee8fA689C50F86B"," ","576.621339","$0.9611","BAC(BAC)","0.01208094"
"0xd214eb571603d346f7707965e37c041fc1ad2cf79f35a5749ba6a7f5866c5bee","Success","ERC-20","Withdraw","11662259","2021-01-15 21:50:25","0x371E78676cd8547ef969f89D2ee8fA689C50F86B"," ","0xAD61F3afF9632d6d6dE6c6cA8938BC65bB6Da190"," ","576.621339","$0.9611","BAC(BAC)","0.01208094"
"0x285f62567d21d5f9fccb5db780a03b5e5756d5af1016807b56fff9c99c1fd8d4","Success","ERC-20","Deposit","11662254","2021-01-15 21:48:48","0x1e121993b4A8bC79D18A4C409dB84c100FFf25F5"," ","0x939D73E26138f4B483368F96d17D2B4dCc5bc84f"," ","909.154958","$1.52","BAC(BAC)","0.01247911"
"0x285f62567d21d5f9fccb5db780a03b5e5756d5af1016807b56fff9c99c1fd8d4","Success","ERC-20","Deposit","11662254","2021-01-15 21:48:48","0x939D73E26138f4B483368F96d17D2B4dCc5bc84f"," ","0xdA810f3dC383072CaE90b4420bbB0a044C812C20"," ","909.154958","$1.52","BAC(BAC)","0.01247911"
"0x32c1198a1067b3df92dd4bdd8dc962bd8618d2c539af6ae5e480ab70700e70d3","Success","ERC-20","Stake","11662243","2021-01-15 21:46:50","0xCE0805a3c87C900595a1D206b57266D2728Bc65B"," ","0x4330E43F5b1e7D3Ea7B0a177Af50C6B2489ca406"," ","99,200.79","$165.35","BAC(BAC)","0.00918836"
"0xfb1d274d441551ff64a43fed7a050f03976bc15b97415006e2808ed3672c2484","Success","ERC-20","Transfer","11662237","2021-01-15 21:45:08","0x042907a81864D80c602afdFC438095550AF7e5A4"," ","0x8935C7972Bc1201F391B55e01F75d58534f17a3a"," ","103.35","$0.1723","BAC(BAC)","0.0018539"
"0x7e0b8608ae689c7ac94e208dd163da6951cfdecc4e56689e27b2dc75f2134011","Success","ERC-20","Swap Exact Tokens For Tokens","11662218","2021-01-15 21:41:07","0xd4405f0704621dbe9d4dea60e128e0c3b26bddbd","Uniswap V2: BAC-DAI","0xF44C4eD93F52a61d4c8e441c5b6c579d58D00a02"," ","113.589501","$0.1893","BAC(BAC)","0.01034127"
"0xa0bf03e3e681f074afe1ef302dda25e703379df1dce0447fc8538d86da678698","Success","ERC-20","Add Liquidity","11662215","2021-01-15 21:40:40","0x9Db80517c339102e7a18F609C7C6a985757B9c64"," ","0xd4405f0704621dbe9d4dea60e128e0c3b26bddbd"," Uniswap V2: BAC-DAI","6,718.80611","$11.20","BAC(BAC)","0.00835907"
"0x7584e5702fc8aff188db51b30f2d8569d7c9707df1407192767959e5034b52d8","Success","ERC-20","Add Liquidity","11662213","2021-01-15 21:40:24","0xF44C4eD93F52a61d4c8e441c5b6c579d58D00a02"," ","0xd4405f0704621dbe9d4dea60e128e0c3b26bddbd"," Uniswap V2: BAC-DAI","54,692.376639","$91.16","BAC(BAC)","0.00906217"
"0x2553a7c9b7522061603817bfe8aba0968d31fe8e4d942cf22f3d2471ef1c7e67","Success","ERC-20","Add Liquidity","11662209","2021-01-15 21:38:56","0xaD252FeAFcFAF15B25be1C4b4A964C1DBfe34b1a"," ","0xd4405f0704621dbe9d4dea60e128e0c3b26bddbd"," Uniswap V2: BAC-DAI","88,587.842801","$147.66","BAC(BAC)","0.00920742"
"0x6d5663624e5ffbf911f74122f48c8026e16725ea1c12ac93a43fe7ead4980dbc","Success","ERC-20","Zap In","11662207","2021-01-15 21:38:19","0xd4405f0704621dbe9d4dea60e128e0c3b26bddbd","Uniswap V2: BAC-DAI","0xd3cf4e98e1e432b3d6ae42ae406a78f2ac8293d0"," Zapper: Uniswap V2 Zap In v3.0.1","2,413.228065","$4.02","BAC(BAC)","0.0327789"
"0x6d5663624e5ffbf911f74122f48c8026e16725ea1c12ac93a43fe7ead4980dbc","Success","ERC-20","Zap In","11662207","2021-01-15 21:38:19","0xd3cf4e98e1e432b3d6ae42ae406a78f2ac8293d0","Zapper: Uniswap V2 Zap In v3.0.1","0xd4405f0704621dbe9d4dea60e128e0c3b26bddbd"," Uniswap V2: BAC-DAI","1,208.411122","$2.01","BAC(BAC)","0.0327789"
"0x6d5663624e5ffbf911f74122f48c8026e16725ea1c12ac93a43fe7ead4980dbc","Success","ERC-20","Zap In","11662207","2021-01-15 21:38:19","0xd3cf4e98e1e432b3d6ae42ae406a78f2ac8293d0","Zapper: Uniswap V2 Zap In v3.0.1","0xd4405f0704621dbe9d4dea60e128e0c3b26bddbd"," Uniswap V2: BAC-DAI","1,204.816942","$2.01","BAC(BAC)","0.0327789"
"0x6d5663624e5ffbf911f74122f48c8026e16725ea1c12ac93a43fe7ead4980dbc","Success","ERC-20","Zap In","11662207","2021-01-15 21:38:19","0xd3cf4e98e1e432b3d6ae42ae406a78f2ac8293d0","Zapper: Uniswap V2 Zap In v3.0.1","0x8E272e4ADF77A144adDD9146ef5b2BFAA1ECe4DA"," ","0","$0.00","BAC(BAC)","0.0327789"
"0x73343d18afb9799fdb303939e48be67d4b5515ada0e1e0c2ec0dc4f3b29ce81f","Success","ERC-20","Swap Exact Tokens For Tokens","11662200","2021-01-15 21:35:26","0xd4405f0704621dbe9d4dea60e128e0c3b26bddbd","Uniswap V2: BAC-DAI","0xaD252FeAFcFAF15B25be1C4b4A964C1DBfe34b1a"," ","218.499888","$0.3642","BAC(BAC)","0.00830435"
"0x58aeeac318449d3350f865b97ccd638629baa2bb5c152250ab64f119f8a372d2","Success","ERC-20","Exit","11662200","2021-01-15 21:35:26","0x4330E43F5b1e7D3Ea7B0a177Af50C6B2489ca406"," ","0xF44C4eD93F52a61d4c8e441c5b6c579d58D00a02"," ","54,692.376","$91.16","BAC(BAC)","0.00598454"
"0x1cbc1c7a9b0387896944d539c21b2a3a5a09cb5b54125a3805c8a3a7b94f65c4","Success","ERC-20","0x24af032a","11662193","2021-01-15 21:33:49","0xd4405f0704621dbe9d4dea60e128e0c3b26bddbd","Uniswap V2: BAC-DAI","0x1e121993b4A8bC79D18A4C409dB84c100FFf25F5"," ","909.154958","$1.52","BAC(BAC)","0.01592101"
"0xc1e755c21458987c39e6c5f2ec63fd5608cb73caa7e4194967b5ab2d319dccfd","Success","ERC-20","Exit","11662192","2021-01-15 21:33:45","0x4330E43F5b1e7D3Ea7B0a177Af50C6B2489ca406"," ","0xaD252FeAFcFAF15B25be1C4b4A964C1DBfe34b1a"," ","88,077.762","$146.81","BAC(BAC)","0.00587163"
"0xfc15f88c89f376ae39a287c215d1c9c34ccde3e002ec2da70d329c2a61278703","Success","ERC-20","Exit","11662163","2021-01-15 21:28:06","0x4330E43F5b1e7D3Ea7B0a177Af50C6B2489ca406"," ","0x392583C2EBC679145f76f9d20258d3F7a8f98560"," ","288.013","$0.4801","BAC(BAC)","0.00617834"
"0x0f72c406c9361a01749f3dc93b6b8d7d35ac09c945fae66532b70ef56c73647d","Success","ERC-20","Swap","11662132","2021-01-15 21:19:45","0xA98f08Ca7A5B34fAeD4580e0484af2ac3d1C7371"," ","0xd4405f0704621dbe9d4dea60e128e0c3b26bddbd"," Uniswap V2: BAC-DAI","11,496.905758","$19.16","BAC(BAC)","0.00933324"
"0x184747370ed70000d56a538c68f62642c461b7dd178e63a81eca1d4fb1a335c2","Success","ERC-20","Swap Exact Tokens For Tokens","11662132","2021-01-15 21:19:45","0x013Fa4c98BF29853d9fb7095117cba910AbD75E4"," ","0xd4405f0704621dbe9d4dea60e128e0c3b26bddbd"," Uniswap V2: BAC-DAI","10,000","$16.67","BAC(BAC)","0.00474614"
"0xec4de25082e23f8924de22391220c8b39058064c9f0b0cb775c8090dcf5d6936","Success","ERC-20","Swap ETH For Exact Tokens","11662132","2021-01-15 21:19:45","0xd4405f0704621dbe9d4dea60e128e0c3b26bddbd","Uniswap V2: BAC-DAI","0x9Db80517c339102e7a18F609C7C6a985757B9c64"," ","6,715.25","$11.19","BAC(BAC)","0.00736454"
"0x22ccf87b06686f40ee93e8ae9358b53b2be04cdeee86305782514b5c589d5686","Success","ERC-20","Withdraw","11662129","2021-01-15 21:19:08","0x4330E43F5b1e7D3Ea7B0a177Af50C6B2489ca406"," ","0x013Fa4c98BF29853d9fb7095117cba910AbD75E4"," ","60,000","$100.01","BAC(BAC)","0.00536625"
"0xab41ae3db310e7c90a632084227c7eb47fa1e6ab2d7ba79d58cb742ec62d5bbf","Success","ERC-20","Swap Exact Tokens For Tokens","11662118","2021-01-15 21:16:43","0x013Fa4c98BF29853d9fb7095117cba910AbD75E4"," ","0xd4405f0704621dbe9d4dea60e128e0c3b26bddbd"," Uniswap V2: BAC-DAI","40,000","$66.67","BAC(BAC)","0.00450645"
"0x3c85b4fe2d904ed9f5f98eed1a32a61bbec104bd7f75e522d15d27cffa17dad7","Success","ERC-20","Exit","11662115","2021-01-15 21:15:25","0x4330E43F5b1e7D3Ea7B0a177Af50C6B2489ca406"," ","0x1B5B04DBEd749E5De66E1b17EaDc0a12d104DCca"," ","239,938.473","$399.93","BAC(BAC)","0.00537247"
"0x7b1ca6f8df1ef2d8e1be93c3dbceb84401fd42a53024428577c644abeee27953","Success","ERC-20","Withdraw","11662114","2021-01-15 21:15:10","0x4330E43F5b1e7D3Ea7B0a177Af50C6B2489ca406"," ","0x013Fa4c98BF29853d9fb7095117cba910AbD75E4"," ","40,000","$66.67","BAC(BAC)","0.00608568"
"0xb076364d1e72e9c561ce5f54eb86c953aae31867495b64c13112e3269438f21e","Success","ERC-20","Withdraw","11662109","2021-01-15 21:14:36","0x4330E43F5b1e7D3Ea7B0a177Af50C6B2489ca406"," ","0xB075bA5DC253E39376AC044182BE13315e828AE2"," ","2,749.572146","$4.58","BAC(BAC)","0.01114769"
"0xb076364d1e72e9c561ce5f54eb86c953aae31867495b64c13112e3269438f21e","Success","ERC-20","Withdraw","11662109","2021-01-15 21:14:36","0xB075bA5DC253E39376AC044182BE13315e828AE2"," ","0x371E78676cd8547ef969f89D2ee8fA689C50F86B"," ","2,749.572146","$4.58","BAC(BAC)","0.01114769"
"0xb076364d1e72e9c561ce5f54eb86c953aae31867495b64c13112e3269438f21e","Success","ERC-20","Withdraw","11662109","2021-01-15 21:14:36","0x371E78676cd8547ef969f89D2ee8fA689C50F86B"," ","0xA98f08Ca7A5B34fAeD4580e0484af2ac3d1C7371"," ","11,496.905758","$19.16","BAC(BAC)","0.01114769"
"0x262cb3fd84ca61db2873bda0e11eb4e867946fb3a16f8bd8136386c1fde36fc5","Success","ERC-20","0x3a57af38","11662108","2021-01-15 21:14:28","0xd4405f0704621dbe9d4dea60e128e0c3b26bddbd","Uniswap V2: BAC-DAI","0xe088fb588d2c06b4cedce88d97c18e577e0e3dea"," Uniswap V2: BAC-Mars","2,341.141762","$3.90","BAC(BAC)","0.01726921"
"0xea262ef7c14d017abcb0905f933d3ab4ac5e493735d5554939dba0a092d63127","Success","ERC-20","Add Liquidity","11662105","2021-01-15 21:14:03","0xd9683Dce5F9947399544090cbd70c54fe74f0bCF"," ","0xe088fb588d2c06b4cedce88d97c18e577e0e3dea"," Uniswap V2: BAC-Mars","1,025","$1.71","BAC(BAC)","0.00674122"
"0xa7707205892fedd7551b2bfc63b4755b4c071945f5c28244418092debee6fab2","Success","ERC-20","Swap","11662104","2021-01-15 21:13:36","0xa0019248A3e80225C9C552C5796EA890BbBD3Ce0"," ","0xd4405f0704621dbe9d4dea60e128e0c3b26bddbd"," Uniswap V2: BAC-DAI","1,003,076.074851","$1,671.94","BAC(BAC)","0.01086243"
"0xbf549936bb3afea2af59b8c6c2a2b4324cd0415591a053abe2637e07d5ff7d01","Success","ERC-20","Swap ETH For Exact Tokens","11662097","2021-01-15 21:12:29","0xd4405f0704621dbe9d4dea60e128e0c3b26bddbd","Uniswap V2: BAC-DAI","0xd9683Dce5F9947399544090cbd70c54fe74f0bCF"," ","1,025","$1.71","BAC(BAC)","0.01004528"
"0x8e8dd490ccead42b00baf8eba92a641208bb2d3098caa3ccb79056b46edb0af3","Success","ERC-20","Remove Liquidity","11662085","2021-01-15 21:09:00","0xd4405f0704621dbe9d4dea60e128e0c3b26bddbd","Uniswap V2: BAC-DAI","0xa0019248A3e80225C9C552C5796EA890BbBD3Ce0"," ","1,003,076.074851","$1,671.94","BAC(BAC)","0.00917985"
"0xeb8302afb678828b09fb232a0c3f24fe5751fea4988abea95093a64053a25b99","Success","ERC-20","Swap Exact Tokens For ETH","11662064","2021-01-15 21:04:01","0x7Db7f636EB50ab2734B587a4EB0EE3E8E75d5254"," ","0xd4405f0704621dbe9d4dea60e128e0c3b26bddbd"," Uniswap V2: BAC-DAI","713.68628","$1.19","BAC(BAC)","0.00977793"
"0xa98b622cee305e33821b829bf6495e779526f2c4a696f79bf0ddfa3cc1a876f0","Success","ERC-20","Add Liquidity","11662060","2021-01-15 21:02:48","0xDd1dC0246a9fe9B74dEF0EA8FdDff60be09fD506"," ","0xd4405f0704621dbe9d4dea60e128e0c3b26bddbd"," Uniswap V2: BAC-DAI","2,300.833622","$3.84","BAC(BAC)","0.00637156"
"0x3b600b027850972a2fb015a02ee344df19357f4b5d99f97f43289a0aa9459727","Success","ERC-20","Swap Exact Tokens For Tokens","11662054","2021-01-15 21:01:41","0xd4405f0704621dbe9d4dea60e128e0c3b26bddbd","Uniswap V2: BAC-DAI","0xDd1dC0246a9fe9B74dEF0EA8FdDff60be09fD506"," ","2,300.83212","$3.84","BAC(BAC)","0.00580081"
"0x407e637c2716422d5267b50896edf78c0ebac5434deb1c3a7f1419bdac06198a","Success","ERC-20","Add Liquidity","11662047","2021-01-15 21:00:19","0xDd1dC0246a9fe9B74dEF0EA8FdDff60be09fD506"," ","0xd4405f0704621dbe9d4dea60e128e0c3b26bddbd"," Uniswap V2: BAC-DAI","5,394.149571","$8.99","BAC(BAC)","0.0080696"
"0x35de592eaf73dcfbd98bed220a0e4058eae88a9a94c9eadbb69bd664889e9283","Success","ERC-20","Do Hard Work","11662046","2021-01-15 21:00:00","0x371E78676cd8547ef969f89D2ee8fA689C50F86B"," ","0xB075bA5DC253E39376AC044182BE13315e828AE2"," ","255,226.388474","$425.41","BAC(BAC)","0.08118571"
"0x35de592eaf73dcfbd98bed220a0e4058eae88a9a94c9eadbb69bd664889e9283","Success","ERC-20","Do Hard Work","11662046","2021-01-15 21:00:00","0xd4405f0704621dbe9d4dea60e128e0c3b26bddbd","Uniswap V2: BAC-DAI","0xB075bA5DC253E39376AC044182BE13315e828AE2"," ","6.507246","$0.0108","BAC(BAC)","0.08118571"
"0x35de592eaf73dcfbd98bed220a0e4058eae88a9a94c9eadbb69bd664889e9283","Success","ERC-20","Do Hard Work","11662046","2021-01-15 21:00:00","0xB075bA5DC253E39376AC044182BE13315e828AE2"," ","0x4330E43F5b1e7D3Ea7B0a177Af50C6B2489ca406"," ","255,232.89572","$425.42","BAC(BAC)","0.08118571"
"0x62de4a8bb862f57ca2ca55d2457bfbf691ec5fe08532efffd4b7304f9c06d01d","Success","ERC-20","Swap Exact Tokens For Tokens","11662039","2021-01-15 20:58:34","0x73eB7A4756eF34B903d8f0D320138FA4f2e4Ec5b"," ","0xd4405f0704621dbe9d4dea60e128e0c3b26bddbd"," Uniswap V2: BAC-DAI","569.064563","$0.9485","BAC(BAC)","0.00537006"
"0xff097e643952c74e99e2b92a1c0b33d4c98f0b23cade8d5f30a2784ae7cb2147","Success","ERC-20","Swap Exact Tokens For Tokens","11662039","2021-01-15 20:58:34","0xd4405f0704621dbe9d4dea60e128e0c3b26bddbd","Uniswap V2: BAC-DAI","0xDd1dC0246a9fe9B74dEF0EA8FdDff60be09fD506"," ","5,394.151072","$8.99","BAC(BAC)","0.01222705"
"0xaf8a7dbe1caca761d2c0c38da21b0f9c3236b241a5738d5d9d89472d761e2c41","Success","ERC-20","Withdraw","11662029","2021-01-15 20:55:49","0x371E78676cd8547ef969f89D2ee8fA689C50F86B"," ","0xC1F11ee1F5fb4Ae961a1388d40854364Ec6AEE3d"," ","5,240.826232","$8.74","BAC(BAC)","0.00434412"
"0x32c11ef9faadcf69b189af72f23d9e476268972290fc303b9e4b73b8d6f8a37e","Success","ERC-20","Remove Liquidity With Permit","11662029","2021-01-15 20:55:49","0xd4405f0704621dbe9d4dea60e128e0c3b26bddbd","Uniswap V2: BAC-DAI","0x73eB7A4756eF34B903d8f0D320138FA4f2e4Ec5b"," ","569.064563","$0.9485","BAC(BAC)","0.0097708"
"0x48034447a381dd8a43f9fcdf663b4c15c40f35a47bdd4e86db31adc4de8e31ee","Success","ERC-20","Withdraw","11662018","2021-01-15 20:52:43","0x371E78676cd8547ef969f89D2ee8fA689C50F86B"," ","0x7Db7f636EB50ab2734B587a4EB0EE3E8E75d5254"," ","713.68628","$1.19","BAC(BAC)","0.00513318"
"0xa1a4e0bc2fb3f3c01dcb788ffba6fbbe6f6bfc74824b8a188fb22359cdfe5161","Success","ERC-20","Swap Exact Tokens For ETH","11661971","2021-01-15 20:39:53","0x410Ef4DF49583dAeec7A3CB09f85C2A9Ee658AFd"," ","0xd4405f0704621dbe9d4dea60e128e0c3b26bddbd"," Uniswap V2: BAC-DAI","300.786","$0.5014","BAC(BAC)","0.0076816"
"0xab33ce0e4e8a84d6887ae1dc042e6d90f37f927f3cf1e58a0c8b2177380b5bb1","Success","ERC-20","Swap Exact Tokens For Tokens","11661968","2021-01-15 20:39:14","0x9b7542cb3286caafc9664A1d3C39203e22a4A8Fa"," ","0xd4405f0704621dbe9d4dea60e128e0c3b26bddbd"," Uniswap V2: BAC-DAI","111.818536","$0.1864","BAC(BAC)","0.00924193"